{"cameraMode":{"drawMode":0,"name":"Shaded","section":"Shading Mode"},"sceneLighting":true,"audioPlay":false,"sceneViewState":{"showFog":true,"showMaterialUpdate":false,"showSkybox":true,"showFlares":true,"showImageEffects":true,"showParticleSystems":true},"in2DMode":false,"pivot":{"x":0.27000001072883608,"y":0.25064346194267275,"z":-0.2708579897880554},"rotation":{"x":0.1574985235929489,"y":-0.21273283660411836,"z":0.0347851999104023,"w":0.963705837726593},"size":1.1834380626678467,"orthographic":false}