{"cameraMode":{"drawMode":0,"name":"Shaded","section":"Shading Mode"},"sceneLighting":true,"audioPlay":false,"sceneViewState":{"showFog":true,"showMaterialUpdate":false,"showSkybox":true,"showFlares":true,"showImageEffects":true,"showParticleSystems":true},"in2DMode":false,"pivot":{"x":-0.1944332718849182,"y":0.07101357728242874,"z":0.22277811169624329},"rotation":{"x":-0.07892079651355744,"y":0.1110074445605278,"z":-0.008851946331560612,"w":-0.9906414747238159},"size":0.8551399111747742,"orthographic":false}