{"cameraMode":{"drawMode":0,"name":"Shaded","section":"Shading Mode"},"sceneLighting":true,"audioPlay":false,"sceneViewState":{"showFog":true,"showMaterialUpdate":false,"showSkybox":true,"showFlares":true,"showImageEffects":true,"showParticleSystems":true},"in2DMode":false,"pivot":{"x":-0.6887146830558777,"y":0.10195863246917725,"z":-0.26499032974243166},"rotation":{"x":0.10041902959346771,"y":-0.16463887691497804,"z":0.016866179183125497,"w":0.9810839295387268},"size":1.18002450466156,"orthographic":false}