{"cameraMode":{"drawMode":0,"name":"Shaded","section":"Shading Mode"},"sceneLighting":true,"audioPlay":false,"sceneViewState":{"showFog":true,"showMaterialUpdate":false,"showSkybox":true,"showFlares":true,"showImageEffects":true,"showParticleSystems":true},"in2DMode":false,"pivot":{"x":-0.18125790357589723,"y":0.3871087431907654,"z":0.2263152301311493},"rotation":{"x":0.2245877981185913,"y":-0.24200110137462617,"z":0.057655930519104007,"w":0.9421632885932922},"size":2.613211154937744,"orthographic":false}