{"cameraMode":{"drawMode":0,"name":"Shaded","section":"Shading Mode"},"sceneLighting":true,"audioPlay":false,"sceneViewState":{"showFog":true,"showMaterialUpdate":false,"showSkybox":true,"showFlares":true,"showImageEffects":true,"showParticleSystems":true},"in2DMode":false,"pivot":{"x":0.17098186910152436,"y":0.5019232630729675,"z":0.2507188320159912},"rotation":{"x":0.17247772216796876,"y":0.08498817682266236,"z":-0.014939630404114724,"w":0.9812264442443848},"size":3.0228757858276369,"orthographic":false}