{"cameraMode":{"drawMode":0,"name":"Shaded","section":"Shading Mode"},"sceneLighting":true,"audioPlay":false,"sceneViewState":{"showFog":true,"showMaterialUpdate":false,"showSkybox":true,"showFlares":true,"showImageEffects":true,"showParticleSystems":true},"in2DMode":false,"pivot":{"x":0.27000001072883608,"y":0.25064346194267275,"z":-0.2708579897880554},"rotation":{"x":0.2288980334997177,"y":-0.15522554516792298,"z":0.03701908513903618,"w":0.9602813720703125},"size":1.1834380626678467,"orthographic":false}