{"cameraMode":{"drawMode":0,"name":"Shaded","section":"Shading Mode"},"sceneLighting":true,"audioPlay":false,"sceneViewState":{"showFog":true,"showMaterialUpdate":false,"showSkybox":true,"showFlares":true,"showImageEffects":true,"showParticleSystems":true},"in2DMode":false,"pivot":{"x":0.16470003128051759,"y":0.0,"z":0.2728999853134155},"rotation":{"x":0.20137710869312287,"y":0.19569192826747895,"z":-0.04108407348394394,"w":0.9588869214057922},"size":1.4897186756134034,"orthographic":false}